UEN,WEBSITE,SOURCES,pred_label,true_pred
196300331K,www.lamsoongroup.com.sg,ORBIS,B,C
196300331K,BAKERYOWL.COM.SG,SGNIC,B,C
196300331K,BAKERYOWLS.COM.SG,SGNIC,B,C
196300331K,GROCERYOWL.COM.SG,SGNIC,B,C
196300331K,GROCERYOWLS.SG,SGNIC,B,C
196300331K,LAMSOON.COM.SG,SGNIC,B,C
196600206D,www.tid.com.sg,ORBIS,C,B
196600227Z,www.krausnaimer.com,ORBIS,B,B
196600227Z,KRAUSNAIMER.COM.SG,SGNIC,B,B
196600227Z,krausnaimer.com/,GMAP,B,B
196900543R,www.ks-asiapacific.com,ORBIS,B,B
197101145M,godrejsingapore.com,ORBIS,C,C
197400001W,www.hawko.com,ORBIS,C,C
197400001W,HORION.COM.SG,SGNIC,C,C
197500842Z,sinlee.com.sg,ORBIS,C,C
197500910N,kingsmed.com.sg,ORBIS,C,C
197701362R,www.topseller.com.sg,ORBIS,B,C
197702531M,www.baxter.com,ORBIS,B,B
197702531M,BAXTERINTL.COM.SG,SGNIC,B,B
197802430K,www.spiraxsarco.com/global/sg,ORBIS,B,B
197802430K,GESTRA.SG,SGNIC,B,B
197802499E,www.mercer.com.sg,ORBIS,B,B
197802499E,BENEFITSASIA.COM.SG,SGNIC,B,B
197802499E,www.mercer.com/en-sg/,GMAP,B,B
197900507N,www.vanleeuwen.com/en,ORBIS,B,B
197900507N,VANLEEUWEN.COM.SG,SGNIC,B,B
197900760D,www.satopharm.com.sg,ORBIS,C,C
197903957E,www.gsk-group.com.sg,ORBIS,B,B
197903957E,GSKCREATIVE.COM.SG,SGNIC,B,B
197903957E,INNOTREND.COM.SG,SGNIC,B,B
197903957E,PAYSLIP.SG,SGNIC,B,B
198002293G,www.bando.com.sg,ORBIS,C,B
198003038M,www.royalgreyhound.com.sg,ORBIS,C,B
198003038M,www.royalgreyhound.com/,GMAP,C,B
198003739E,www.helaspice.com.sg,ORBIS,B,C
198003739E,helaspicesg.com/,GMAP,B,C
198100305Z,www.gac.com/gac-worldwide/asia-pacific/singapore,ORBIS,B,B
198100305Z,GULFAGENCY.COM.SG,SGNIC,B,B
198100891D,www.easternwin.com,ORBIS,C,B
198100897H,www.cambert.com.my/contact_us.php,ORBIS,B,C
198100897H,CAMBERT.COM.SG,SGNIC,B,C
198100897H,THEPRIME.SG,SGNIC,B,C
198104618N,www.kcprofessional.com.sg,ORBIS,B,C
198202503D,www.toray-intl.com,ORBIS,B,B
198202503D,TORAY.COM.SG,SGNIC,B,B
198202503D,TORAY-INTL.COM.SG,SGNIC,B,B
198202568N,www.boardroomlimited.com,ORBIS,B,B
198203250G,www.esab.com,ORBIS,B,B
198204911E,www.cejn.com.sg,ORBIS,B,B
198204911E,CPF-CEJN.COM.SG,SGNIC,B,B
198301491H,www.tatsumisingapore.com,ORBIS,B,B
198301849K,www.vanco.sg,ORBIS,B,B
198302289K,www.tmesystems.net,ORBIS,C,B
198302289K,TME.COM.SG,SGNIC,C,B
198302289K,TMESYSTEMS.COM.SG,SGNIC,C,B
198305296Z,www.omegascientific.com.sg,ORBIS,B,B
198305474C,densin.com,ORBIS,B,B
198305474C,ALTO.COM.SG,SGNIC,B,B
198305474C,CFM.SG,SGNIC,B,B
198305474C,NILFISK.COM.SG,SGNIC,B,B
198305474C,NILFISK-DENSIN.COM.SG,SGNIC,B,B
198305474C,VIPERCLEANING.COM.SG,SGNIC,B,B
198402847H,www.bayswater.com.sg,ORBIS,B,B
198402866D,www.regionaltech.com.sg,ORBIS,C,C
198500162H,www.p-g-pinternational.com,ORBIS,B,B
198500992D,www.hoerbiger.com,ORBIS,B,B
198601085M,www.torexsemi.com,ORBIS,B,B
198601085M,TOREX.COM.SG,SGNIC,B,B
198700485W,amaero.tripod.com,ORBIS,B,B
198701453N,www.gaffney-cline.com,ORBIS,B,B
198701916H,www.servicomsingapore.com,ORBIS,C,C
198701916H,ENDORTECHNOLOGIES.COM.SG,SGNIC,C,C
198701916H,SERVICOM.SG,SGNIC,C,C
198702783M,www.lumberg.com,ORBIS,B,B
198702783M,LUMBERG.COM.SG,SGNIC,B,B
198801211R,www.sfcpl.com,ORBIS,C,B
198801314D,www.itochuplastics.com,ORBIS,B,B
198801762D,www.hafele.com.sg,ORBIS,C,C
198802055W,constann.com.sg,ORBIS,B,B
198802093G,starhealth.com.sg,ORBIS,C,C
198802093G,MOMESSENTIAL.COM.SG,SGNIC,C,C
198802093G,MOMESSENTIALS.COM.SG,SGNIC,C,C
198802093G,MUMESSENTIAL.COM.SG,SGNIC,C,C
198802093G,MUMESSENTIALS.COM.SG,SGNIC,C,C
198804620E,lira.com.sg,ORBIS,B,C
198804620E,PROSEGURCAMS.SG,SGNIC,B,C
198804620E,SECURITYMANAGEMENT.COM.SG,SGNIC,B,C
198900616R,www.foreveryoung.com.sg,ORBIS,C,C
198900616R,AUSTRALIANCAROBS.COM.SG,SGNIC,C,C
198900616R,BEAUTYPRODUCTS.SG,SGNIC,C,C
198900616R,BEVERAGE.COM.SG,SGNIC,C,C
198900616R,HEALTHPRODUCT.COM.SG,SGNIC,C,C
198900616R,HEALTHPRODUCTS.COM.SG,SGNIC,C,C
198900616R,QUEENROYAL.COM.SG,SGNIC,C,C
198900616R,TAVERNERSBREWERY.SG,SGNIC,C,C
198901365C,yamagata-corp.jp,ORBIS,B,B
198901365C,PRINTELLIGENCE.COM.SG,SGNIC,B,B
199002323W,www.worldship.com.sg,ORBIS,C,B
199005825C,www.acer.com,ORBIS,C,C
199100470N,www.xmh.com.sg,ORBIS,C,B
199102042M,www.clicktrue.biz,ORBIS,C,B
199102042M,BLP.SG,SGNIC,C,B
199102042M,CLICKTRUE.COM.SG,SGNIC,C,B
199102042M,SE-MARKETING.SG,SGNIC,C,B
199102673H,www.secotools.com,ORBIS,C,B
199102813C,www.lexmark.com/en_sg.html,ORBIS,B,B
199104723M,www.trinitycasket.com,ORBIS,C,B
199104723M,KIASUPATIENTS.COM.SG,SGNIC,C,B
199104723M,TRINITYCASKET.COM.SG,SGNIC,C,B
199105264W,www.ogc.com.sg,ORBIS,C,C
199106396H,www.trumpf.com,ORBIS,B,B
199201077M,www.tsubaco.com.sg,ORBIS,B,B
199201077M,TSUBAKI.COM.SG,SGNIC,B,B
199201393W,www.clarins.com.sg,ORBIS,C,C
199201393W,MYCLARINS.COM.SG,SGNIC,C,C
199202190M,qualmac.com,ORBIS,B,B
199202446W,www.uyemura.com.sg,ORBIS,C,B
199202468E,www.growingfun.com,ORBIS,C,C
199202749N,www.hoppecke.com/en/contact,ORBIS,B,B
199202749N,HOPPECKE.COM.SG,SGNIC,B,B
199203118N,trelleborg.com/en/marine-systems,ORBIS,C,B
199204265R,www.balluff.com/local/us/home,ORBIS,C,C
199204265R,INNOVATINGAUTOMATION.COM.SG,SGNIC,C,C
199205595N,iberchem.com,ORBIS,B,B
199205826Z,www.teckwah.com.sg,ORBIS,C,C
199205826Z,TWONLINE.COM.SG,SGNIC,C,C
199300094M,www.newimage.asia,ORBIS,B,C
199300094M,newimage.asia/sg,GMAP,B,C
199300580H,scanmed.com.sg/contact-us,ORBIS,C,B
199301697H,www.logitech.com/en-sg/contact,ORBIS,C,B
199301697H,LOGITECH.COM.SG,SGNIC,C,B
199301697H,SAITEK.SG,SGNIC,C,B
199301697H,SAITEKFLIGHT.SG,SGNIC,C,B
199302061N,www.engis.com/contactus-asia-pacific.php,ORBIS,B,B
199302061N,ENGIS.COM.SG,SGNIC,B,B
199302061N,HYPREZ.COM.SG,SGNIC,B,B
199302257R,lenbrook.com.sg,ORBIS,C,C
199304095H,www.weishen.com.sg,ORBIS,B,B
199305188Z,www.softwareag.com.sg,ORBIS,B,B
199305188Z,ARIS.SG,SGNIC,B,B
199305487M,www.osg-asia.com,ORBIS,B,B
199305487M,OSGASIA.COM.SG,SGNIC,B,B
199306766R,www.leitz.org/de,ORBIS,B,B
199307186K,www.loscam.com,ORBIS,B,B
199307306W,www.rmaconsultants.com.sg,ORBIS,B,C
199307858R,www.wellsprings.com.sg,ORBIS,B,B
199307858R,wellsprings.com.sg/,GMAP,B,B
199401223C,rapidconn.org,ORBIS,C,B
199401694Z,www.tacamsteel.com,ORBIS,C,B
199403408M,www.trafomaterials.com.sg/akm-asia,ORBIS,B,B
199403408M,AKMASIA.COM.SG,SGNIC,B,B
199403632N,www.jowa.se/news/new-parts-and-service-depot-in-singapore,ORBIS,B,B
199403632N,JOWA.COM.SG,SGNIC,B,B
199404855W,www.cls-asia.net,ORBIS,C,B
199405288W,www.chatsworth.com.sg,ORBIS,B,B
199406070E,www.cmlmicro.com,ORBIS,B,B
199406070E,CMLMICRO.COM.SG,SGNIC,B,B
199500854E,cmes.com.sg,ORBIS,B,B
199502808W,www.legerogroup.com/locations/singapore,ORBIS,B,B
199502850N,www.engeniustech.com.sg,ORBIS,B,B
199504227W,www.cortinawatch.com/en,ORBIS,C,B
199504659R,www.lmsscientific.com,ORBIS,B,B
199504716G,www.tss.trelleborg.com,ORBIS,B,B
199504716G,www.trelleborg.com/en/seals,GMAP,B,B
199506942D,www.bossard.com,ORBIS,B,C
199506942D,BOSSARD.COM.SG,SGNIC,B,C
199507032R,www.advantechsg.com.sg,ORBIS,B,C
199507032R,ADVAN-ASG.COM.SG,SGNIC,B,C
199507032R,ADVANTECH.COM.SG,SGNIC,B,C
199507267W,biovectrol.com,ORBIS,C,C
199508609W,www.kabeltec.com.sg,ORBIS,C,B
199508609W,kabeltec.com.sg/,GMAP,C,B
199508776H,www.chongaik.com.sg,ORBIS,C,C
199600436G,www.giken.com/ja,ORBIS,B,B
199601587M,www.koyotky.co.jp,ORBIS,B,B
199601587M,KOYOASIA.COM.SG,SGNIC,B,B
199603098R,www.brunel.sg,ORBIS,B,B
199603098R,BRUNEL.COM.SG,SGNIC,B,B
199604035D,www.grandvin.com.sg,ORBIS,C,C
199605750M,www.heidelberg.com/sg,ORBIS,B,C
199605817M,chweesong.com.sg,ORBIS,C,C
199607955H,yuquan.com.sg,ORBIS,C,B
199608513N,www.metrohm.com/en-sg,ORBIS,B,B
199608513N,METROHM.COM.SG,SGNIC,B,B
199703212C,www.bricomp.sg,ORBIS,B,B
199703212C,BRICOMP.COM.SG,SGNIC,B,B
199704153E,www.axn-asia.com,ORBIS,B,B
199704153E,kcglobalmedia.com/,GMAP,B,B
199704283W,www.awarenessplace.com,ORBIS,C,C
199704568K,www.igus.sg,ORBIS,C,C
199704568K,CABLECARRIER.COM.SG,SGNIC,C,C
199704568K,CHAINFLEX.COM.SG,SGNIC,C,C
199704568K,DRYLIN.COM.SG,SGNIC,C,C
199704568K,EASYCHAIN.COM.SG,SGNIC,C,C
199704568K,EASY-CHAIN.COM.SG,SGNIC,C,C
199704568K,E-CHAINS.COM.SG,SGNIC,C,C
199704568K,ECHAINSYSTEMS.COM.SG,SGNIC,C,C
199704568K,E-CHAINSYSTEMS.COM.SG,SGNIC,C,C
199704568K,ENERGYCHAINSYSTEM.COM.SG,SGNIC,C,C
199704568K,ENERGYCHAIN-SYSTEMS.COM.SG,SGNIC,C,C
199704568K,IGLIDE.COM.SG,SGNIC,C,C
199704568K,IGLIDUR.COM.SG,SGNIC,C,C
199704568K,IGUBAL.COM.SG,SGNIC,C,C
199704568K,POLYSORB.COM.SG,SGNIC,C,C
199705529G,www.steem1960.com,ORBIS,B,B
199705529G,STEEM.COM.SG,SGNIC,B,B
199705529G,STEEM1960.COM.SG,SGNIC,B,B
199705529G,STEEM196O.COM.SG,SGNIC,B,B
199705529G,STEEML960.COM.SG,SGNIC,B,B
199705529G,STEEML96O.COM.SG,SGNIC,B,B
199707383C,alfacitysg.com,ORBIS,C,B
199708223G,imart.com.sg,ORBIS,C,C
199708223G,MARINEX.COM.SG,SGNIC,C,C
199800253W,www.schaffner.com,ORBIS,B,B
199801784R,www.ttsg.com.sg,ORBIS,B,B
199801784R,TTSG.SG,SGNIC,B,B
199802892W,www.vitakraft.com,ORBIS,B,C
199802892W,www.vitakraft.asia/,GMAP,B,C
199803308M,www.pave.com.sg,ORBIS,C,C
199803859Z,www.vanguardlogistics.com,ORBIS,B,B
199803859Z,VLS.COM.SG,SGNIC,B,B
199804257G,www.hifi.com.sg,ORBIS,C,B
199804257G,AUDIONOTE.COM.SG,SGNIC,C,B
199804257G,SINGAPOREHOMES.COM.SG,SGNIC,C,B
199804318C,www.deli-indo.com.sg,ORBIS,C,C
199804318C,DARIBELL.COM.SG,SGNIC,C,C
199900189K,www.vega.com/home_sg,ORBIS,B,B
199905118M,thaivillagerestaurant.com.sg,ORBIS,C,C
199905800N,www.tmf-group.com,ORBIS,B,B
200001903W,www.mercurymarine.com/en/asia/contact,ORBIS,B,C
200003947E,www.ebworx.com,ORBIS,B,B
200004062C,www.ottoasiapac.com,ORBIS,B,C
200004201D,www.globalit.sg,ORBIS,C,C
200004201D,GLOBALITMART.COM.SG,SGNIC,C,C
200005241K,www.career-singapore.com,ORBIS,B,B
200005311G,www.bukittimahplaza.com.sg,ORBIS,C,C
200005311G,SHANGCHWEN.SG,SGNIC,C,C
200005311G,ZICOM.SG,SGNIC,C,C
200009228G,www.siacad.com,ORBIS,B,B
200009228G,235GA.SG,SGNIC,B,B
200009228G,ACCONSORTIUM.COM.SG,SGNIC,B,B
200009228G,ADDP.COM.SG,SGNIC,B,B
200009228G,APROJECTS.COM.SG,SGNIC,B,B
200009228G,ATARCH.COM.SG,SGNIC,B,B
200009228G,AXISARCH.SG,SGNIC,B,B
200009228G,BCCPL.COM.SG,SGNIC,B,B
200009228G,FCPL.SG,SGNIC,B,B
200009228G,HA-ARCHITECTS.COM.SG,SGNIC,B,B
200009228G,INFOBASE.COM.SG,SGNIC,B,B
200009228G,K2LD.COM.SG,SGNIC,B,B
200009228G,LIMELIGHTATELIER.COM.SG,SGNIC,B,B
200009228G,LSWCE.COM.SG,SGNIC,B,B
200009228G,MKPL.COM.SG,SGNIC,B,B
200009228G,OGA.COM.SG,SGNIC,B,B
200009228G,PARSEC.COM.SG,SGNIC,B,B
200009228G,POD.COM.SG,SGNIC,B,B
200009228G,PODESIGN.COM.SG,SGNIC,B,B
200009228G,SIACAD.COM.SG,SGNIC,B,B
200009228G,SZA.COM.SG,SGNIC,B,B
200009228G,TAN-TSAKONAS.COM.SG,SGNIC,B,B
200009228G,TIERRA.COM.SG,SGNIC,B,B
200009228G,WLARCH.COM.SG,SGNIC,B,B
200009228G,ZA-DESIGN.COM.SG,SGNIC,B,B
200010460K,www.kikkoman.com.sg,ORBIS,B,C
200010500H,midouniforms.com.sg,ORBIS,B,B
200010500H,MIDO.COM.SG,SGNIC,B,B
200100395N,www.exfo.com/en,ORBIS,B,B
200100683D,i-promo.com.sg,ORBIS,B,B
200100683D,CCSF2022.SG,SGNIC,B,B
200100683D,IPROMO.COM.SG,SGNIC,B,B
200100934N,suntechsealing.com,ORBIS,B,B
200101935C,rainbowaq.com.sg,ORBIS,B,C
200102490G,www.shinkawa.co.jp/eng,ORBIS,B,B
200106194M,www.tritoncontainersales.com/tcs,ORBIS,B,B
200106194M,www.tritoncontainer.com/,GMAP,B,B
200106276D,www.bkw.sg,ORBIS,B,C
200106276D,BKW.COM.SG,SGNIC,B,C
200107549W,www.sterileservices.com.sg,ORBIS,B,B
200107832M,www.translinergroup.com,ORBIS,B,B
200200350M,integratif.com.sg,ORBIS,B,B
200200350M,ORTHOGAIT.COM.SG,SGNIC,B,B
200201620N,www.sukhsagar.com.sg,ORBIS,B,C
200203420W,www.globalinvacom.com,ORBIS,C,B
200204075N,www.premiersportsinternational.com,ORBIS,B,B
200204909Z,www.teamsynergy.com.sg,ORBIS,B,B
200205026W,www.momentive.com,ORBIS,C,C
200205026W,momentive.com/,GMAP,C,C
200207414N,www.digisoundhearing.com.sg,ORBIS,B,C
200207414N,DIGISOUND.SG,SGNIC,B,C
200207414N,www.20dbdigisound.com/?y_source=1_MTM3MTU5NDgtNzE1LWxvY2F0aW9uLndlYnNpdGU%3D,GMAP,B,C
200208890G,www.equiomgroup.com,ORBIS,B,B
200208952M,www.zoenissi.sg,ORBIS,C,C
200208952M,OBAGI.COM.SG,SGNIC,C,C
200210406G,www.eaglestar.com.my,ORBIS,B,B
200210475E,www.heinkel.sg,ORBIS,B,B
200210475E,HEINKEL.COM.SG,SGNIC,B,B
200301505M,www.singardo.com.sg,ORBIS,B,C
200301560N,www.grades.com.sg,ORBIS,B,B
200301594R,www.singaporecruise.com,ORBIS,B,B
200301594R,SCCPL.COM.SG,SGNIC,B,B
200302655G,www.oliverwyman.com,ORBIS,B,B
200304100H,www.innovasia.com,ORBIS,C,B
200304879W,www.thewinecompany.com.sg,ORBIS,C,C
200308867H,www.b-allianz.com,ORBIS,B,C
200309506N,www.totalebizsolutions.com,ORBIS,B,C
200309720D,www.canadian.edu.sg,ORBIS,B,C
200310706N,www.ebay.com.sg,ORBIS,C,C
200310706N,ADCOMMERCE.COM.SG,SGNIC,C,C
200310706N,EBAY.SG,SGNIC,C,C
200310706N,EBAYSTORES.COM.SG,SGNIC,C,C
200310706N,PRIVATEMARKETPLACE.COM.SG,SGNIC,C,C
200310706N,PRIVATEMARKETPLACES.COM.SG,SGNIC,C,C
200310706N,REDLASER.COM.SG,SGNIC,C,C
200310706N,TERAPEAK.COM.SG,SGNIC,C,C
200310706N,XINDELU.COM.SG,SGNIC,C,C
200312402Z,www.tungloksignatures.com/en/index.php,ORBIS,B,C
200401500C,www.macrokiosk.com,ORBIS,B,B
200403199H,www.silberline.com,ORBIS,C,B
200403199H,SILBERLINE.COM.SG,SGNIC,C,B
200404541M,www.macship.com,ORBIS,B,B
200404541M,VINETA.SG,SGNIC,B,B
200404708G,www.acumen-components.com,ORBIS,C,B
200409726M,www.maximator.sg,ORBIS,C,B
200409964K,www.scientecconsulting.com,ORBIS,C,B
200410636C,www.hellma-asia.com/text/741/en/about-us.html,ORBIS,B,B
200411002H,kandidataasia.com,ORBIS,C,C
200411167N,dougleschan.com,ORBIS,B,B
200411192W,e3services.com.sg,ORBIS,C,B
200413856E,www.bridgealliance.com,ORBIS,C,B
200413955H,www.greenhub.com.sg,ORBIS,C,C
200416307H,www.istpl.com,ORBIS,C,B
200501334W,www.asiabiobusiness.com,ORBIS,B,B
200502076D,www.celltronics.com.sg,ORBIS,C,C
200502269M,www.ottoasiapac.com,ORBIS,B,B
200502269M,www.mea-environment.com/,GMAP,B,B
200502617E,www.titansoft.com.sg,ORBIS,B,B
200502617E,www.titansoft.com/en,GMAP,B,B
200504426K,www.awox.com,ORBIS,C,B
200506293K,www.dynaron.com.sg,ORBIS,B,B
200508522G,www.activamedia.com.sg,ORBIS,B,B
200508522G,24HOURVET.SG,SGNIC,B,B
200508522G,ABORTIONINFO.COM.SG,SGNIC,B,B
200508522G,ABORTIONPILL.COM.SG,SGNIC,B,B
200508522G,ABORTIONPILLS.COM.SG,SGNIC,B,B
200508522G,ACLINJURY.SG,SGNIC,B,B
200508522G,ACNECLINIC.SG,SGNIC,B,B
200508522G,ACNESCAR.SG,SGNIC,B,B
200508522G,ACNETREATMENT.SG,SGNIC,B,B
200508522G,ACRYLICSM.SG,SGNIC,B,B
200508522G,ACTIVACONSULTANCY.COM.SG,SGNIC,B,B
200508522G,ACTIVADIRECTORY.SG,SGNIC,B,B
200508522G,ACTIVAHOLDINGS.COM.SG,SGNIC,B,B
200508522G,ACTIVAWEBDESIGN.COM.SG,SGNIC,B,B
200508522G,ACTIVAWEBDESIGNER.COM.SG,SGNIC,B,B
200508522G,AIKHOCKTYRE.COM.SG,SGNIC,B,B
200508522G,AIRPURIFIERSYSTEM.SG,SGNIC,B,B
200508522G,ALIPAINTING.SG,SGNIC,B,B
200508522G,ALTYRES.SG,SGNIC,B,B
200508522G,ALTYRESWOODLANDS.SG,SGNIC,B,B
200508522G,AMDC.COM.SG,SGNIC,B,B
200508522G,AM-PLUS.COM.SG,SGNIC,B,B
200508522G,AM-POWER.COM.SG,SGNIC,B,B
200508522G,AM-TRACK.COM.SG,SGNIC,B,B
200508522G,ANALFISTULA.COM.SG,SGNIC,B,B
200508522G,ANALFISTULACLINIC.SG,SGNIC,B,B
200508522G,ANALFISTULATREATMENT.SG,SGNIC,B,B
200508522G,ANKLEPAINCLINIC.SG,SGNIC,B,B
200508522G,ANKLESPECIALIST.SG,SGNIC,B,B
200508522G,ANKLETREATMENT.SG,SGNIC,B,B
200508522G,ANN.COM.SG,SGNIC,B,B
200508522G,ANNTAN.COM.SG,SGNIC,B,B
200508522G,ARETEORTHO.COM.SG,SGNIC,B,B
200508522G,ASIASTORE.COM.SG,SGNIC,B,B
200508522G,ASTEEAUTOLUTION.COM.SG,SGNIC,B,B
200508522G,AVEONPEST.COM.SG,SGNIC,B,B
200508522G,BACKANDNECKPAIN.SG,SGNIC,B,B
200508522G,BARIATRICSURGERY.SG,SGNIC,B,B
200508522G,BEAUTYAESTHETICS.COM.SG,SGNIC,B,B
200508522G,BEDBUGCONTROL.SG,SGNIC,B,B
200508522G,BESTCARSERVICING.SG,SGNIC,B,B
200508522G,BESTPESTCONTROL.SG,SGNIC,B,B
200508522G,BISCUIT.COM.SG,SGNIC,B,B
200508522G,BODY-DECORTATTOO.COM.SG,SGNIC,B,B
200508522G,BREASTAUGMENTATION.SG,SGNIC,B,B
200508522G,BREASTAUGMENTATIONCLINIC.SG,SGNIC,B,B
200508522G,BREASTENLARGEMENT.SG,SGNIC,B,B
200508522G,BREASTIMPLANTCLINIC.SG,SGNIC,B,B
200508522G,BREASTSURGERYCLINIC.SG,SGNIC,B,B
200508522G,BRIGHTSTARFRIDGE.COM.SG,SGNIC,B,B
200508522G,BUILDPRIMECONSTRUCTION.COM.SG,SGNIC,B,B
200508522G,BUNION.SG,SGNIC,B,B
200508522G,BUNIONCLINIC.SG,SGNIC,B,B
200508522G,BUNIONTREATMENT.SG,SGNIC,B,B
200508522G,CANCERSURGERY.COM.SG,SGNIC,B,B
200508522G,CHEAPMOVERS.SG,SGNIC,B,B
200508522G,CLASSAUTO.SG,SGNIC,B,B
200508522G,COLINTHAM.COM.SG,SGNIC,B,B
200508522G,COLINTHAMPLASTICSURGERY.SG,SGNIC,B,B
200508522G,COLONOSCOPYCLINIC.COM.SG,SGNIC,B,B
200508522G,COLONOSCOPYSINGAPORE.SG,SGNIC,B,B
200508522G,COLONSURGERY.COM.SG,SGNIC,B,B
200508522G,COLORECTALCANCERSCREENING.SG,SGNIC,B,B
200508522G,COLORECTALCANCERTREATMENT.SG,SGNIC,B,B
200508522G,COLORECTALDISEASES.SG,SGNIC,B,B
200508522G,COLORECTALSCREENING.SG,SGNIC,B,B
200508522G,CONTICARSPECIALIST.COM.SG,SGNIC,B,B
200508522G,CONVEYANCINGLAWYER.COM.SG,SGNIC,B,B
200508522G,COPACK.SG,SGNIC,B,B
200508522G,CT5DOORS.SG,SGNIC,B,B
200508522G,DENTALIMPLANTSCLINIC.SG,SGNIC,B,B
200508522G,DERMATOLOGY.SG,SGNIC,B,B
200508522G,DIGITALEDGE.COM.SG,SGNIC,B,B
200508522G,DIMSUMPLACE.COM.SG,SGNIC,B,B
200508522G,DOUBLEEYELIDSURGERY.SG,SGNIC,B,B
200508522G,DRAKIRAWU.COM.SG,SGNIC,B,B
200508522G,DREAMVISION.SG,SGNIC,B,B
200508522G,DRJEANCHAI.COM.SG,SGNIC,B,B
200508522G,DRLIEN.SG,SGNIC,B,B
200508522G,DRMARCO.SG,SGNIC,B,B
200508522G,DRTANMEDICALCENTER.COM.SG,SGNIC,B,B
200508522G,DRWONGSUNI.SG,SGNIC,B,B
200508522G,EARCLINIC.SG,SGNIC,B,B
200508522G,ECZEMATREATMENT.SG,SGNIC,B,B
200508522G,EGGFREEZINGCLINIC.SG,SGNIC,B,B
200508522G,ELTOHSURGERY.COM.SG,SGNIC,B,B
200508522G,ENDOSCOPY.COM.SG,SGNIC,B,B
200508522G,ENDOSCOPYCLINIC.SG,SGNIC,B,B
200508522G,ENQUIRE-COSA.COM.SG,SGNIC,B,B
200508522G,ENTSPECIALIST.COM.SG,SGNIC,B,B
200508522G,EUGENEYEOSURGERY.SG,SGNIC,B,B
200508522G,EXHIBITIONBOOTH.COM.SG,SGNIC,B,B
200508522G,EXPATRIATEDIVORCELAWYER.COM.SG,SGNIC,B,B
200508522G,EYEBRACESCLINIC.COM.SG,SGNIC,B,B
200508522G,EYELIDSURGERY.SG,SGNIC,B,B
200508522G,EYELIDSURGERYCLINIC.SG,SGNIC,B,B
200508522G,FASTAMBULANCE.COM.SG,SGNIC,B,B
200508522G,FEMALECOLORECTAL.SG,SGNIC,B,B
200508522G,FEMALEPILESSURGEON.SG,SGNIC,B,B
200508522G,FEMALEPLASTICSURGEON.COM.SG,SGNIC,B,B
200508522G,FINESSE.SG,SGNIC,B,B
200508522G,G7FROGPORRIDGE.COM.SG,SGNIC,B,B
200508522G,G7SEAFOOD.COM.SG,SGNIC,B,B
200508522G,G7SINMA.COM.SG,SGNIC,B,B
200508522G,GALLBLADDER.SG,SGNIC,B,B
200508522G,GALLSTONES.SG,SGNIC,B,B
200508522G,GALLSTONESCLINIC.SG,SGNIC,B,B
200508522G,GEORGETTECHAN.COM.SG,SGNIC,B,B
200508522G,GLOBALMI.SG,SGNIC,B,B
200508522G,GOHHAKSU.COM.SG,SGNIC,B,B
200508522G,GREENEMPLOYMENT.SG,SGNIC,B,B
200508522G,GUMSPECIALIST.SG,SGNIC,B,B
200508522G,GYNAECOMASTIA.SG,SGNIC,B,B
200508522G,GYNAECOMASTIASURGERY.SG,SGNIC,B,B
200508522G,GYNAEFIBROID.COM.SG,SGNIC,B,B
200508522G,GYNAEINFERTILITY.COM.SG,SGNIC,B,B
200508522G,GYNAEOVARIANCYST.COM.SG,SGNIC,B,B
200508522G,HAPIFORM.SG,SGNIC,B,B
200508522G,HEARINGLOSS.SG,SGNIC,B,B
200508522G,HERNIACLINIC.COM.SG,SGNIC,B,B
200508522G,HERNIASURGERY.SG,SGNIC,B,B
200508522G,HERNIATREATMENT.COM.SG,SGNIC,B,B
200508522G,HIAPLOGISTICS.SG,SGNIC,B,B
200508522G,HICOPDECKING.COM.SG,SGNIC,B,B
200508522G,HMSPAINTING.SG,SGNIC,B,B
200508522G,HYSTERFORKLIFTS.COM.SG,SGNIC,B,B
200508522G,INSECTSCREEN.SG,SGNIC,B,B
200508522G,INSIDE.COM.SG,SGNIC,B,B
200508522G,INVISIBLEBRACESCLINIC.SG,SGNIC,B,B
200508522G,IOC-ORTHO.COM.SG,SGNIC,B,B
200508522G,JAPANCARSPECIALIST.COM.SG,SGNIC,B,B
200508522G,JENJEWEL.COM.SG,SGNIC,B,B
200508522G,JLEMPLOYMENT.COM.SG,SGNIC,B,B
200508522G,JOHNSONTRANSPORT.COM.SG,SGNIC,B,B
200508522G,JPTECH.COM.SG,SGNIC,B,B
200508522G,KHNANOWATERPROOFING.COM.SG,SGNIC,B,B
200508522G,KIDNEYPRACTICE.COM.SG,SGNIC,B,B
200508522G,KIDNEYSTONESCLINIC.SG,SGNIC,B,B
200508522G,KNEEINJURY.SG,SGNIC,B,B
200508522G,KNEEPAINCLINIC.SG,SGNIC,B,B
200508522G,KOREACARSPECIALIST.COM.SG,SGNIC,B,B
200508522G,KSCARDIO.COM.SG,SGNIC,B,B
200508522G,LAMCHINBUS.COM.SG,SGNIC,B,B
200508522G,LESLIETAYHEART.COM.SG,SGNIC,B,B
200508522G,LIPOSUCTIONCLINIC.SG,SGNIC,B,B
200508522G,LIPOSUCTIONSURGEON.SG,SGNIC,B,B
200508522G,LIVERCLINIC.SG,SGNIC,B,B
200508522G,LIVERPANCREASSURGERY.SG,SGNIC,B,B
200508522G,LIVERSURGEON.SG,SGNIC,B,B
200508522G,LOVEDEBEAUTEOUS.COM.SG,SGNIC,B,B
200508522G,MAIDS-RUS.SG,SGNIC,B,B
200508522G,MALEINFERTILITY.SG,SGNIC,B,B
200508522G,MASTERDESIGNSTUDIO.COM.SG,SGNIC,B,B
200508522G,MAVENSURGERY.COM.SG,SGNIC,B,B
200508522G,MAYMANPOWER.SG,SGNIC,B,B
200508522G,MENISCUSINJURY.SG,SGNIC,B,B
200508522G,MENSHEALTHCENTER.COM.SG,SGNIC,B,B
200508522G,METISPAINTING.COM.SG,SGNIC,B,B
200508522G,MOSQUITOMAGNET.COM.SG,SGNIC,B,B
200508522G,NAZIRKHANLAW.COM.SG,SGNIC,B,B
200508522G,NOVAEMPLOYMENT.COM.SG,SGNIC,B,B
200508522G,OMEX.COM.SG,SGNIC,B,B
200508522G,ONGSWEEKENGLLC.COM.SG,SGNIC,B,B
200508522G,PANCREASCLINIC.SG,SGNIC,B,B
200508522G,PEARLPSYCHIATRY.SG,SGNIC,B,B
200508522G,PESTMAN.COM.SG,SGNIC,B,B
200508522G,PICKANDGOWERKZ.COM.SG,SGNIC,B,B
200508522G,PIGMENTATION.SG,SGNIC,B,B
200508522G,PILES.COM.SG,SGNIC,B,B
200508522G,PILESSURGEON.SG,SGNIC,B,B
200508522G,PILESSURGERY.SG,SGNIC,B,B
200508522G,PKWYDENTALCENTRE.SG,SGNIC,B,B
200508522G,PPLUMBING.COM.SG,SGNIC,B,B
200508522G,PROFCHRISTOPHERGOH.COM.SG,SGNIC,B,B
200508522G,PROFLOWWONGKEIN.COM.SG,SGNIC,B,B
200508522G,PROSTATE.SG,SGNIC,B,B
200508522G,PROSTATECLINIC.SG,SGNIC,B,B
200508522G,PSORIASISCLINIC.SG,SGNIC,B,B
200508522G,PSORIASISTREATMENT.SG,SGNIC,B,B
200508522G,PWPLUMBING.COM.SG,SGNIC,B,B
200508522G,QMITOUGHGUARD.SG,SGNIC,B,B
200508522G,REHABMED.COM.SG,SGNIC,B,B
200508522G,REINSTATEMENTTEAM.SG,SGNIC,B,B
200508522G,RHINOPLASTYCLINIC.SG,SGNIC,B,B
200508522G,RIMS.SG,SGNIC,B,B
200508522G,RSSMPESTCONTROL.COM.SG,SGNIC,B,B
200508522G,SGCOMMERCIALMOVERS.SG,SGNIC,B,B
200508522G,SGHANDYMANSERVICES.SG,SGNIC,B,B
200508522G,SGPLASTICSURGEON.SG,SGNIC,B,B
200508522G,SGZIPBLINDS.COM.SG,SGNIC,B,B
200508522G,SHELVING.COM.SG,SGNIC,B,B
200508522G,SHOULDERINJURY.SG,SGNIC,B,B
200508522G,SHOULDERINJURYCLINIC.SG,SGNIC,B,B
200508522G,SHOULDERPAIN.SG,SGNIC,B,B
200508522G,SHOWCASE.SG,SGNIC,B,B
200508522G,SIGNS.SG,SGNIC,B,B
200508522G,SILKMASSAGESPA.COM.SG,SGNIC,B,B
200508522G,SINCEREMANPOWER.SG,SGNIC,B,B
200508522G,SINGAPOREABORTION.COM.SG,SGNIC,B,B
200508522G,SINGAPORECATARACT.SG,SGNIC,B,B
200508522G,SINGAPOREEGGFREEZING.SG,SGNIC,B,B
200508522G,SINGAPOREGYNAE.COM.SG,SGNIC,B,B
200508522G,SINGAPOREVET.SG,SGNIC,B,B
200508522G,SINGUANHIN.COM.SG,SGNIC,B,B
200508522G,SINUS.COM.SG,SGNIC,B,B
200508522G,SINUSCLINIC.COM.SG,SGNIC,B,B
200508522G,SINUSTREATMENT.COM.SG,SGNIC,B,B
200508522G,SNORE.SG,SGNIC,B,B
200508522G,SPECIALISTENDOCRINE.COM.SG,SGNIC,B,B
200508522G,SPECIALISTPAIN.SG,SGNIC,B,B
200508522G,SPORTSINJURY.SG,SGNIC,B,B
200508522G,SPORTSINJURYCLINIC.SG,SGNIC,B,B
200508522G,STARCOOL.COM.SG,SGNIC,B,B
200508522G,STARCOOLAIRCON.COM.SG,SGNIC,B,B
200508522G,SUDDENCARDIACDEATH.SG,SGNIC,B,B
200508522G,SURGERYFORCHILDREN.COM.SG,SGNIC,B,B
200508522G,SURGICALASSOCIATES.COM.SG,SGNIC,B,B
200508522G,SWJEN.COM.SG,SGNIC,B,B
200508522G,TENSURGERY.SG,SGNIC,B,B
200508522G,TERMITESCONTROL.SG,SGNIC,B,B
200508522G,THEGERIATRICPRACTICE.COM.SG,SGNIC,B,B
200508522G,THEORTHOPAEDICCENTRE.SG,SGNIC,B,B
200508522G,THEPERIODONTICSPRACTICE.SG,SGNIC,B,B
200508522G,THEPESTMAN.SG,SGNIC,B,B
200508522G,THESPINESPECIALIST.COM.SG,SGNIC,B,B
200508522G,THESURGEONS.COM.SG,SGNIC,B,B
200508522G,THREELUCKROOFING.SG,SGNIC,B,B
200508522G,TOURADORTYRE.COM.SG,SGNIC,B,B
200508522G,TOURADORTYRES.COM.SG,SGNIC,B,B
200508522G,TREATKIDNEYSTONES.SG,SGNIC,B,B
200508522G,TREATKNEEPAIN.SG,SGNIC,B,B
200508522G,TREATPIGMENTATION.SG,SGNIC,B,B
200508522G,TREATPILES.SG,SGNIC,B,B
200508522G,UCFRESHAIR.SG,SGNIC,B,B
200508522G,UPPEREYELIDSURGERY.SG,SGNIC,B,B
200508522G,VARICOSEVEINCENTRE.COM.SG,SGNIC,B,B
200508522G,VASERLIPO.SG,SGNIC,B,B
200508522G,VFFASTENINGSYSTEMS.COM.SG,SGNIC,B,B
200508522G,WATERPROOFINGSPECIALIST.COM.SG,SGNIC,B,B
200508522G,WELLCOMEMOTOR.COM.SG,SGNIC,B,B
200508522G,WOMENBLADDER.SG,SGNIC,B,B
200508522G,WOMENSCLINIC.SG,SGNIC,B,B
200508522G,WORLDASIAEMPLOYMENT.SG,SGNIC,B,B
200508522G,ZYG.COM.SG,SGNIC,B,B
200509198Z,smecentre-smcci.sg,ORBIS,C,B
200510324G,duoninilaundry.com.sg,ORBIS,C,C
200510324G,DUONINI.COM.SG,SGNIC,C,C
200511044E,www.i-bridgedesign.com,ORBIS,B,B
200511044E,I-BRIDGEDESIGN.SG,SGNIC,B,B
200512137R,littlegreenhouse.com.sg,ORBIS,B,B
200601647K,www.starke.com.sg,ORBIS,B,C
200601718W,www.petit-bateau.sg,ORBIS,C,C
200603008R,addvalue.sg,ORBIS,C,B
200603617E,www.lma.com.sg,ORBIS,C,B
200604835N,www.fleetship.com/shipmanagement/en/index.php,ORBIS,B,B
200605297C,www.singsung.com.sg,ORBIS,B,B
200605892N,www.hwacheonasia.com,ORBIS,C,B
200605892N,HWACHEON.COM.SG,SGNIC,C,B
200607061C,www.btechavmounts.com,ORBIS,B,B
200607414H,www.vitakids.biz,ORBIS,B,C
200607414H,KINDERNURTURE.SG,SGNIC,B,C
200607414H,NATURESWISDOM.COM.SG,SGNIC,B,C
200607414H,VITAKIDS.SG,SGNIC,B,C
200608128W,www.thoresenshipping.com,ORBIS,B,B
200610940Z,spcsconsult.com.sg,ORBIS,B,C
200612793Z,www.apexfiresystems.com,ORBIS,B,C
200613075K,www.bluewhaleoffshore.com,ORBIS,B,B
200613149K,www.sagepublications.com,ORBIS,C,B
200615858G,www.greatshipglobal.com,ORBIS,C,B
200615858G,greatshipglobal.com/,GMAP,C,B
200615912E,www.phoenixtankers.com.sg,ORBIS,C,B
200615912E,www.motech.co.jp/en/company/outline.html,GMAP,C,B
200617608G,www.eos-aus.com,ORBIS,B,B
200701000Z,www.b2be.com,ORBIS,B,C
200701096Z,www.ebizity.com,ORBIS,B,B
200701096Z,BHUTANAIR.COM.SG,SGNIC,B,B
200701096Z,BHUTANSOCIETY.SG,SGNIC,B,B
200701096Z,COLDBREW.SG,SGNIC,B,B
200701096Z,COOKIES.SG,SGNIC,B,B
200701096Z,IRRA.COM.SG,SGNIC,B,B
200701096Z,LANMEI.COM.SG,SGNIC,B,B
200701096Z,PIXELGLOBALAV.COM.SG,SGNIC,B,B
200701096Z,RESORTS.SG,SGNIC,B,B
200701096Z,TAGTENNIS.SG,SGNIC,B,B
200701874H,www.woodmac.com,ORBIS,B,B
200703697K,tuber.sg,ORBIS,C,C
200703697K,REBUT.SG,SGNIC,C,C
200703844D,www.laperla.com,ORBIS,C,B
200706659K,www.egplusww.com,ORBIS,B,B
200706659K,HONDACITY.SG,SGNIC,B,B
200706659K,HONDACIVIC.SG,SGNIC,B,B
200706659K,HONDACRV.SG,SGNIC,B,B
200706659K,HONDAHRV.SG,SGNIC,B,B
200706659K,HONDAJAZZ.SG,SGNIC,B,B
200706861E,starlearners.com.sg,ORBIS,B,B
200709743R,www.frisagasia.com,ORBIS,B,B
200710552Z,www.flexco.com.sg,ORBIS,B,B
200710552Z,BELTJOINTSOLUTIONS.COM.SG,SGNIC,B,B
200710552Z,JOINYOURBELT.COM.SG,SGNIC,B,B
200712831Z,www.hockhuatonic.com,ORBIS,B,C
200716305W,hygiene-prof.com.sg,ORBIS,C,C
200716535E,www.sanyu-usa.com,ORBIS,B,B
200716535E,SEPL.SG,SGNIC,B,B
200717071R,www.goldbellgroup.com,ORBIS,B,B
200717071R,AUTOVALUE.COM.SG,SGNIC,B,B
200717071R,FUTUREMOBILITY.COM.SG,SGNIC,B,B
200717071R,GEN.SG,SGNIC,B,B
200717071R,HORIZON-AUTOMOTIVE.COM.SG,SGNIC,B,B
200717071R,HORIZON-FINANCIAL.COM.SG,SGNIC,B,B
200717071R,MOTORVIVA.COM.SG,SGNIC,B,B
200717071R,STVE.COM.SG,SGNIC,B,B
200717071R,XSQUARE.SG,SGNIC,B,B
200722921Z,www.forbes-asia.com.sg,ORBIS,C,B
200723351G,www.greensafe.com.sg,ORBIS,B,B
200723733C,goldhub.com.sg,ORBIS,C,C
200723806K,hummings.com,ORBIS,C,C
200801414W,www.pulsesecure.com,ORBIS,B,B
200802000Z,www.phonak.com.sg,ORBIS,B,B
200802000Z,PHONAK.SG,SGNIC,B,B
200803469H,thedesignpractice.sg,ORBIS,C,B
200803661K,www.zebra.com,ORBIS,B,B
200803726H,www.gwa.edu.sg,ORBIS,B,B
200803726H,XAA.EDU.SG,SGNIC,B,B
200803726H,XCL.EDU.SG,SGNIC,B,B
200803726H,XCLWA.EDU.SG,SGNIC,B,B
200803898N,www.sgiaviation.com,ORBIS,B,B
200804658K,www.tonggarden.com.sg,ORBIS,C,C
200804658K,shop.tonggarden.com.sg/,GMAP,C,C
200806985M,micropoint-tech.com,ORBIS,C,B
200810149H,www.tomoizakaya.com.sg,ORBIS,C,C
200810149H,TOMODININGANDBAR.COM.SG,SGNIC,C,C
200810692H,www.allportcargoservices.com,ORBIS,C,B
200810692H,ALLPORTCARGOSERVICES.COM.SG,SGNIC,C,B
200810692H,WAKATECH.SG,SGNIC,C,B
200811243N,www.oxy.com,ORBIS,B,B
200812807K,protegeproduction.com,ORBIS,B,B
200815778E,digitalkitchenstudios.myportfolio.com,ORBIS,B,B
200815778E,DKS.COM.SG,SGNIC,B,B
200817123M,www.newsparkleanlaundry.com.sg,ORBIS,C,C
200817123M,newsparkleanlaundry.com.sg/,GMAP,C,C
200817390W,irdeto.com,ORBIS,B,B
200817995Z,www.stemcell.com,ORBIS,C,C
200817995Z,STEMCELL.COM.SG,SGNIC,C,C
200819216Z,www.audi.com.sg,ORBIS,C,B
200819216Z,AUDILIVEVIEW.COM.SG,SGNIC,C,B
200819216Z,AUDITESTDRIVE.SG,SGNIC,C,B
200819216Z,VRAS.COM.SG,SGNIC,C,B
200819941E,aalshipping.com,ORBIS,B,B
200820962M,www.frontierhealthcare.com.sg,ORBIS,C,C
200821158E,amedelumiere.com.sg,ORBIS,C,C
200821927M,pengwine.com,ORBIS,B,C
200821927M,GMWINE.SG,SGNIC,B,C
200902816W,www.cityluxe.sg,ORBIS,C,C
200902816W,FOUNTAINPEN.COM.SG,SGNIC,C,C
200905004R,www.wine-universe.com.sg,ORBIS,B,B
200909837H,www.bertling.com,ORBIS,B,B
200911748E,fivestarchickenrice.com,ORBIS,B,C
200911749R,fivestarchickenrice.com,ORBIS,B,C
200911754N,chickenrice.com.sg,ORBIS,C,C
200913474H,www.p5-integrate.com,ORBIS,B,B
200913474H,P5.COM.SG,SGNIC,B,B
200915417W,www.monstercurry.com.sg,ORBIS,C,C
200917249C,rabeanco.com,ORBIS,C,B
200917249C,RABEANCO.COM.SG,SGNIC,C,B
200920689N,www.xinwenengineering.com,ORBIS,B,B
200922655E,www.newscan.com.sg,ORBIS,B,B
200923943K,www.sci-hub.com,ORBIS,C,B
200924211E,ib-interior.sg,ORBIS,B,B
201001004D,www.tekla.com/sg,ORBIS,B,B
201001004D,TRIMBLEIDD.COM.SG,SGNIC,B,B
201003919N,www.qnet.com.sg,ORBIS,C,C
201003919N,QION.COM.SG,SGNIC,C,C
201005559Z,orangetree.com.sg,ORBIS,B,B
201009181W,littlegreenhouse.com.sg,ORBIS,B,B
201009182H,littlegreenhouse.com.sg,ORBIS,B,B
201009444D,www.buhlergroup.com,ORBIS,B,B
201010283E,www.agromate.com.my,ORBIS,B,B
201012820R,jenesis.com.sg,ORBIS,C,C
201017672N,www.koganei.co.jp,ORBIS,B,B
201017676W,www.merzaesthetics.com,ORBIS,B,B
201017676W,MEDERMA-ASIA.COM.SG,SGNIC,B,B
201017676W,MERZ.SG,SGNIC,B,B
201017676W,MERZAESTHETICS.COM.SG,SGNIC,B,B
201017692Z,inter-span.com,ORBIS,C,B
201019043M,thechalkfarm.com,ORBIS,C,C
201019101N,www.exberry.com,ORBIS,B,B
201021599C,www.hioki.sg,ORBIS,B,C
201021599C,HIOKI.COM.SG,SGNIC,B,C
201021623C,www.omcs.com.sg,ORBIS,B,B
201026726K,kttfinewine.sg,ORBIS,C,C
201026726K,KTTFINEWINE.COM.SG,SGNIC,C,C
201100612H,www.boxpark.com.sg,ORBIS,C,B
201102569G,www.oneslp.com,ORBIS,C,C
201103006C,www.viscotec-asia.com,ORBIS,B,B
201103125K,www.inspireo.co,ORBIS,B,B
201103125K,AGREALESTATE.COM.SG,SGNIC,B,B
201103125K,ALTURAECOFFICIAL.COM.SG,SGNIC,B,B
201103125K,AVENIR-CONDO.COM.SG,SGNIC,B,B
201103125K,BEYONDBLING.SG,SGNIC,B,B
201103125K,CHENGPROPERTY.SG,SGNIC,B,B
201103125K,COPEN-GRAND-EXECUTIVE-CONDO.COM.SG,SGNIC,B,B
201103125K,COPHENGRANDOFFICIAL.SG,SGNIC,B,B
201103125K,EVARENTAL.SG,SGNIC,B,B
201103125K,FOURTHAVENUERESIDENCESOFFICIAL.COM.SG,SGNIC,B,B
201103125K,GAZANIA-OFFICIAL.COM.SG,SGNIC,B,B
201103125K,GRANDDUMAN.COM.SG,SGNIC,B,B
201103125K,GRANDDUNMAN-DAKOTA.COM.SG,SGNIC,B,B
201103125K,GRANDDUNMAN-DAKOTA-OFFICIAL.SG,SGNIC,B,B
201103125K,GRANDDUNMANLAUNCH.SG,SGNIC,B,B
201103125K,JOINREALESTATE.COM.SG,SGNIC,B,B
201103125K,KATONGLIFESTYLEATMB.COM.SG,SGNIC,B,B
201103125K,KATONGLIVINGATMB.COM.SG,SGNIC,B,B
201103125K,KLIMTCAIRNHILLCONDO.SG,SGNIC,B,B
201103125K,LENTOR-HILLOCK-GREEN.COM.SG,SGNIC,B,B
201103125K,LENTOR-HILL-RESIDENCE.COM.SG,SGNIC,B,B
201103125K,LENTORHILLRESIDENCESOFFICIAL.COM.SG,SGNIC,B,B
201103125K,LENTOR-HILLS-NEW-CONDO.SG,SGNIC,B,B
201103125K,LENTORHILLSOFFICIAL.COM.SG,SGNIC,B,B
201103125K,LENTORHILLSRESIDENCEOFFICIAL.SG,SGNIC,B,B
201103125K,LENTORHILLSRESIDENCES-DEVELOPER.SG,SGNIC,B,B
201103125K,LENTOR-MODERNOFFICIAL.SG,SGNIC,B,B
201103125K,LINSAN.SG,SGNIC,B,B
201103125K,LIVMBOFFICIAL.COM.SG,SGNIC,B,B
201103125K,LLOYDLIMPRIMEHOMES.SG,SGNIC,B,B
201103125K,LOUISTAN.SG,SGNIC,B,B
201103125K,MYRARESIDENCES.COM.SG,SGNIC,B,B
201103125K,NATIONALPROPERTY.COM.SG,SGNIC,B,B
201103125K,NEWPORT-RESIDENCES-SINGAPORE.COM.SG,SGNIC,B,B
201103125K,NFTFEST.SG,SGNIC,B,B
201103125K,NICKGOH.COM.SG,SGNIC,B,B
201103125K,OFFICIAL-COPENGRAND.COM.SG,SGNIC,B,B
201103125K,OFFICIAL-LENTOR-MODERN.COM.SG,SGNIC,B,B
201103125K,OFFICIALNEWPORTRESIDENCES.SG,SGNIC,B,B
201103125K,RIVIERE-NEWLAUNCH.COM.SG,SGNIC,B,B
201103125K,SGNEWPROJECT.COM.SG,SGNIC,B,B
201103125K,SGPREMIUMPROPERTY.COM.SG,SGNIC,B,B
201103125K,SGPROPERTYGURU.COM.SG,SGNIC,B,B
201103125K,SHILIN.SG,SGNIC,B,B
201103125K,SINGAPOREPROPERTYFORSALE.COM.SG,SGNIC,B,B
201103125K,SINGSTEEL.SG,SGNIC,B,B
201103125K,SPACEFEST.SG,SGNIC,B,B
201103125K,STARBUYPROPERTY.COM.SG,SGNIC,B,B
201103125K,STIRLINGRESIDENCESHOMES.COM.SG,SGNIC,B,B
201103125K,SUPERDAVE.COM.SG,SGNIC,B,B
201103125K,TEMBUSUGRANDDEVELOPER.SG,SGNIC,B,B
201103125K,TEMBUSU-GRANDOFFICIAL.COM.SG,SGNIC,B,B
201103125K,TENET-AT-TAMPINES.COM.SG,SGNIC,B,B
201103125K,TENETECOFFICIAL.COM.SG,SGNIC,B,B
201103125K,TENET-EC-TAMPINES.COM.SG,SGNIC,B,B
201103125K,TENET-EXECUTIVE-CONDO.COM.SG,SGNIC,B,B
201103125K,TENETOFFICIAL.COM.SG,SGNIC,B,B
201103125K,TENGAHEC.COM.SG,SGNIC,B,B
201103125K,THEBOTANY-AT-DAIRY-FARM.COM.SG,SGNIC,B,B
201103125K,THEBOTANYDAIRYFARMOFFICIAL.SG,SGNIC,B,B
201103125K,THEBOTANYNEWLAUNCH.SG,SGNIC,B,B
201103125K,THE-LENTORHILLSRESIDENCE.SG,SGNIC,B,B
201103125K,THE-LENTORHILLS-RESIDENCES.SG,SGNIC,B,B
201103125K,THE-TEMBUSU-GRAND.SG,SGNIC,B,B
201103125K,TREASURE-AT-TAMPINES-OFFICIAL.SG,SGNIC,B,B
201103125K,TREASUREATTAMPINESRESIDENCE.COM.SG,SGNIC,B,B
201103125K,VERTI.COM.SG,SGNIC,B,B
201103125K,VERTICUSFREEHOLD.SG,SGNIC,B,B
201103125K,VERTICUSOFFICAL.COM.SG,SGNIC,B,B
201103125K,WUNDER.SG,SGNIC,B,B
201104967R,www.elecom.com.sg,ORBIS,B,C
201104967R,ELECOM.SG,SGNIC,B,C
201104967R,ELECOM-SINGAPORE.COM.SG,SGNIC,B,C
201104988M,www.ampol.com.sg,ORBIS,B,B
201104988M,OCTANEINSURANCE.COM.SG,SGNIC,B,B
201107996M,atcapital.com.sg,ORBIS,B,B
201108577R,www.kurvers.com/products.html?lang=en,ORBIS,B,B
201111123N,natuzitrading.com,ORBIS,B,C
201111123N,SMILESMART.COM.SG,SGNIC,B,C
201113657C,essentiaproteins.com/na,ORBIS,B,B
201115954E,onefutureworld.com,ORBIS,C,C
201115954E,AUDIOSUNGLASSES.COM.SG,SGNIC,C,C
201115954E,FUTUREWORLDASP.SG,SGNIC,C,C
201115954E,IFUTURE.COM.SG,SGNIC,C,C
201115954E,SPEAKERS.COM.SG,SGNIC,C,C
201118483H,www.boltcarleasing.com,ORBIS,B,B
201127932H,esquina.com.sg,ORBIS,C,C
201127932H,HORTUS.COM.SG,SGNIC,C,C
201127932H,MARGUERITE.COM.SG,SGNIC,C,C
201127932H,MYLOS.COM.SG,SGNIC,C,C
201129634Z,www.bakerandcook.biz,ORBIS,C,C
201131379H,www.chevron.com,ORBIS,B,B
201131994G,www.madisonpac.com,ORBIS,C,B
201133472Z,littlegreenhouse.com.sg,ORBIS,B,B
201134850G,cacani.sg,ORBIS,C,C
201201061N,www.vasishipping.com,ORBIS,B,B
201202293Z,www.whatarage.com,ORBIS,C,B
201202293Z,WHATARAGE.COM.SG,SGNIC,C,B
201203551G,www.paramount.com.sg,ORBIS,C,B
201203793H,www.greatsolutions.com.sg,ORBIS,C,B
201204238K,sae.com.sg,ORBIS,C,B
201206949H,www.fitchsolutions.com,ORBIS,B,B
201206949H,www.fitchratings.com/,GMAP,B,B
201207391N,www.petrone.it,ORBIS,C,B
201208654R,www.ophthalmic.com.sg,ORBIS,C,B
201211871C,littlegreenhouse.com.sg,ORBIS,B,B
201212008H,www.woodmaxpaint.com,ORBIS,B,B
201220473G,www.wearepolaris.sg,ORBIS,C,C
201220473G,wearepolaris.sg/,GMAP,C,C
201221074R,horizonfastferry.com.sg,ORBIS,C,C
201222049H,www.plasmatreat.com.sg,ORBIS,B,B
201223604G,www.eziom.com.sg,ORBIS,C,B
201223604G,BUNIONSURGERY.COM.SG,SGNIC,C,B
201223604G,HOUSEOFMIRRORS.COM.SG,SGNIC,C,B
201223604G,SBFMRICENTRE.COM.SG,SGNIC,C,B
201223604G,SBFSPORTSHAND.COM.SG,SGNIC,C,B
201223604G,SOELLE.COM.SG,SGNIC,C,B
201223604G,SOELLEAESTHETICS.COM.SG,SGNIC,C,B
201223604G,SOELLESKINCARE.COM.SG,SGNIC,C,B
201224230Z,www.canclover.com,ORBIS,C,C
201224230Z,FIRSTMATE.COM.SG,SGNIC,C,C
201227092W,garlockasia.com,ORBIS,C,B
201228663N,www.cheeseartisans.com.sg,ORBIS,C,C
201229792M,www.ramblinbrands.com,ORBIS,C,C
201229792M,SMILE-MAKERS.COM.SG,SGNIC,C,C
201230769C,www.bamboomarketing.com.sg,ORBIS,B,B
201230854H,www.jsgindustrial.com.sg,ORBIS,B,C
201300020Z,www.napoleon.sg,ORBIS,C,B
201300020Z,BISTROGASTON.COM.SG,SGNIC,C,B
201300020Z,GALIENA.COM.SG,SGNIC,C,B
201300020Z,NAPOLEON.COM.SG,SGNIC,C,B
201301052R,matrixstar.com.sg,ORBIS,C,B
201301052R,GINSENG.COM.SG,SGNIC,C,B
201301052R,HANSAMIN.COM.SG,SGNIC,C,B
201301052R,LIFESPACE.COM.SG,SGNIC,C,B
201301052R,ORIGINALSPROUT.COM.SG,SGNIC,C,B
201301052R,PENTAVITE.COM.SG,SGNIC,C,B
201301052R,SIMPLERCO.COM.SG,SGNIC,C,B
201301052R,THESIMPLERCO.COM.SG,SGNIC,C,B
201302299H,www.trakomatic.com,ORBIS,C,C
201303258D,www.the-wedding-stylist.com,ORBIS,B,B
201303410N,ibprofessional.com.sg,ORBIS,C,C
201305014M,www.frieslandcampina.com,ORBIS,B,B
201309493G,watchlink.sg,ORBIS,C,B
201309493G,linktr.ee/watchlink,GMAP,C,B
201312303C,thetradedesk.com,ORBIS,B,B
201312775K,www.accorhotels.com/lien_externe.svlt?goto=fiche_h,ORBIS,C,B
201312775K,CHATANDCHOW.SG,SGNIC,C,B
201313398G,www.detrack.com,ORBIS,C,C
201313449H,lockdown.sg,ORBIS,B,C
201313449H,LOCKDOWN.COM.SG,SGNIC,B,C
201314366D,www.quips.edu.sg,ORBIS,B,B
201314366D,QUIPS.COM.SG,SGNIC,B,B
201317454M,littlegreenhouse.com.sg,ORBIS,B,B
201317462D,littlegreenhouse.com.sg,ORBIS,B,B
201318363R,shogakukan.asia,ORBIS,C,B
201318372W,sg.heller.biz,ORBIS,B,B
201321616M,www.hokkaido.com.sg,ORBIS,B,C
201321616M,PRIMESTREAM.SG,SGNIC,B,C
201322631Z,www.blue-solutions.com,ORBIS,B,B
201322631Z,EVSOLUTIONS.COM.SG,SGNIC,B,B
201324016N,www.sbymeat.com,ORBIS,C,C
201324016N,SBYMEAT.COM.SG,SGNIC,C,C
201330507W,www.tatsu.com.sg,ORBIS,B,C
201330507W,IZAKAYA.COM.SG,SGNIC,B,C
201330713R,www.eizoglobal.com,ORBIS,B,C
201331449M,www.omegrashipping.com,ORBIS,B,B
201333907E,greyys.com.sg,ORBIS,B,C
201400639C,www.15percentgrey.com,ORBIS,B,B
201401332W,www.taxisingapore.com,ORBIS,B,B
201402361C,www.logistics99.com.sg,ORBIS,B,C
201402361C,ALTURAS.SG,SGNIC,B,C
201402361C,BELGRAVIACEOFFICIAL.SG,SGNIC,B,C
201402361C,CLAYDENCECONDO.SG,SGNIC,B,C
201402361C,CONDOLAUNCH.SG,SGNIC,B,C
201402361C,DAIRYFARMWALK.COM.SG,SGNIC,B,C
201402361C,DUNMAN-GRANDS.COM.SG,SGNIC,B,C
201402361C,DUNMAN-RESIDENCES.COM.SG,SGNIC,B,C
201402361C,HILLOCK-GREENS.COM.SG,SGNIC,B,C
201402361C,IAGENT.SG,SGNIC,B,C
201402361C,IREALTOR.SG,SGNIC,B,C
201402361C,JALANANAKBUKIT.COM.SG,SGNIC,B,C
201402361C,JALANTEMBUSU.SG,SGNIC,B,C
201402361C,JDENS.SG,SGNIC,B,C
201402361C,KOVAN-JEWEL.COM.SG,SGNIC,B,C
201402361C,LAKEGARDEN-RESIDENCES.SG,SGNIC,B,C
201402361C,LENTOR-HILLSRESIDENCES.SG,SGNIC,B,C
201402361C,LENTORRESIDENCE.SG,SGNIC,B,C
201402361C,LIVMB-CONDO.SG,SGNIC,B,C
201402361C,MARINAVIEW.COM.SG,SGNIC,B,C
201402361C,MORICONDOMINIUM.COM.SG,SGNIC,B,C
201402361C,PERFECTTENS.COM.SG,SGNIC,B,C
201402361C,PINETREE-HILLS.SG,SGNIC,B,C
201402361C,SANCTUARY-NEWTON.SG,SGNIC,B,C
201402361C,SENECARESIDENCE.SG,SGNIC,B,C
201402361C,SKYWATERRESIDENCE.SG,SGNIC,B,C
201402361C,TAMPINESEC.SG,SGNIC,B,C
201402361C,TENGAHGARDENWALK.SG,SGNIC,B,C
201402361C,TERRAHILLRESIDENCES.COM.SG,SGNIC,B,C
201402361C,THEHILLS.SG,SGNIC,B,C
201402361C,THINKPROPERTY.COM.SG,SGNIC,B,C
201402361C,URBANHOME.SG,SGNIC,B,C
201402872W,www.network-box.sg,ORBIS,C,B
201403562W,singapore.aramco.com,ORBIS,B,B
201404397W,www.cetglobal.com.sg,ORBIS,C,B
201404728W,www.grluxury.sg,ORBIS,C,B
201405499K,arkgroup.com.sg,ORBIS,B,B
201406354G,centralkitchen.com.sg,ORBIS,C,C
201406935Z,pho-stop.business.site,ORBIS,B,C
201407843M,hjlubri.dk,ORBIS,B,B
201407843M,HJL.COM.SG,SGNIC,B,B
201407843M,HJLUBRI.COM.SG,SGNIC,B,B
201407843M,HJLUBRICATORS.COM.SG,SGNIC,B,B
201408313W,starlearners.com.sg,ORBIS,B,B
201411096M,gcrasia.com.sg,ORBIS,B,B
201412512R,www.seasia-group.com,ORBIS,B,B
201412512R,seasia-consulting.com/,GMAP,B,B
201415471R,www.alpome.com,ORBIS,C,B
201415560G,starlearners.com.sg,ORBIS,B,B
201416585D,starryhomestead.com,ORBIS,B,B
201416667N,www.buffalotours.com,ORBIS,B,B
201417021G,www.advancedbroadcastsolutions.asia,ORBIS,C,B
201418890W,www.lerus.com,ORBIS,B,B
201418890W,LERUS.COM.SG,SGNIC,B,B
201420297N,www.faesol.com,ORBIS,C,C
201422130Z,confinementangels.com.sg,ORBIS,C,B
201423946K,dreamplasticsurgery.com,ORBIS,B,C
201425789W,www.healyconsultants.com,ORBIS,C,C
201429492R,manifera.com,ORBIS,B,B
201429492R,MAGBE.COM.SG,SGNIC,B,B
201430698C,www.funtoast.com.sg,ORBIS,B,C
201432273R,www.barco.com,ORBIS,B,B
201434814K,www.cruiseconnexions.com.sg,ORBIS,B,C
201435868N,goshopmatic.com,ORBIS,C,C
201500670W,www.nuren.sg,ORBIS,B,C
201500670W,IBUENCER.COM.SG,SGNIC,B,C
201500670W,MAMAHOOD.COM.SG,SGNIC,B,C
201500670W,MEMOPLUS.SG,SGNIC,B,C
201500670W,MOTHERHOOD.SG,SGNIC,B,C
201500670W,XPRIENZ.COM.SG,SGNIC,B,C
201500807N,www.itots.sg,ORBIS,C,C
201500807N,MARCUSNMARCUS.COM.SG,SGNIC,C,C
201500807N,www.itots.com.sg/,GMAP,C,C
201502173K,www.ferring.sg,ORBIS,B,B
201502356G,www.consultibs.sg,ORBIS,B,B
201503778H,hockgiftshop.com,ORBIS,C,C
201510792W,www.seaoilpetroleum.com,ORBIS,B,B
201510850Z,www.flyingcape.com.sg,ORBIS,C,B
201512465C,www.focsentosa.com,ORBIS,B,C
201523977D,www.japanfoodtown.sg,ORBIS,B,C
201523977D,sabar38.com/,GMAP,B,C
201523998Z,www.firstpointe.com.sg,ORBIS,C,B
201525081M,starlearners.com.sg,ORBIS,B,B
201525375G,www.wisqo.com,ORBIS,C,B
201527082R,roubler.com,ORBIS,C,B
201527154N,www.247accessibledocuments.com,ORBIS,B,C
201533382M,www.airmazecorp.com,ORBIS,C,B
201537005E,www.cognalearn.com,ORBIS,B,C
201540196H,www.murrelektronik.sg,ORBIS,C,B
201541703E,www.komtes.com,ORBIS,B,B
201602617N,airmaker.sg,ORBIS,B,B
201603575K,www.transcab.com.sg,ORBIS,B,B
201603575K,TRANSLEASING.COM.SG,SGNIC,B,B
201605244K,www.molco.com.sg,ORBIS,C,C
201606057D,www.parknparcel.com.sg,ORBIS,B,C
201607143W,strides.com.sg,ORBIS,B,B
201607787Z,www.myrepublic.net/sg,ORBIS,C,B
201607787Z,MYREP.SG,SGNIC,C,B
201607787Z,MYREPUBLIC.COM.SG,SGNIC,C,B
201607787Z,REPUBLICTELECOM.COM.SG,SGNIC,C,B
201608097G,newlandchase.com,ORBIS,B,B
201609042E,www.thegarage.sg,ORBIS,B,C
201609042E,1-GARAGE.COM.SG,SGNIC,B,C
201609042E,BEESKNEES.COM.SG,SGNIC,B,C
201609042E,THEGARAGE.COM.SG,SGNIC,B,C
201609824W,www.sosbarsg.com,ORBIS,C,B
201609824W,BEVVIES.SG,SGNIC,C,B
201613714K,muddymurphys.com,ORBIS,B,C
201614831N,www.zuelligpharma.com,ORBIS,B,B
201615035W,drmct.com,ORBIS,C,C
201616375H,www.easycity.sg,ORBIS,B,B
201617715G,www.fruitsvending.com,ORBIS,C,C
201618370G,chuansenghuat.com.sg,ORBIS,C,C
201618370G,CHUANSENG.COM.SG,SGNIC,C,C
201620094Z,www.denaregroup.com,ORBIS,B,B
201620944G,www.tomy-group.com,ORBIS,C,B
201620944G,TOMY.COM.SG,SGNIC,C,B
201620944G,www.takaratomyasia.com/,GMAP,C,B
201621091D,kimlygroup.sg,ORBIS,C,B
201626356M,www.axtraresources.com,ORBIS,C,B
201631490H,www.spiralytics.com,ORBIS,C,B
201632742G,jab.sg,ORBIS,B,B
201633940K,www.nintex.com,ORBIS,B,B
201700742D,www.rawlplug.com,ORBIS,C,B
201700785G,intrack.sg,ORBIS,C,B
201700785G,MAILERTRACK.COM.SG,SGNIC,C,B
201702171R,www.oeteo.co,ORBIS,C,C
201703083M,lockdown.sg,ORBIS,B,B
201703083M,V-ROOM.COM.SG,SGNIC,B,B
201704222K,www.kestrelaero.com,ORBIS,C,B
201706479M,www.imf.sg,ORBIS,B,B
201706479M,omnibridgeway.com/,GMAP,B,B
201706952D,www.fortitude-partnership.com,ORBIS,C,B
201709073W,www.dynapac.com,ORBIS,B,C
201709128D,tirisulayoga.com,ORBIS,B,C
201720326Z,www.sunseap.com/SG,ORBIS,B,B
201722142E,www.aimsun.com,ORBIS,C,B
201727582R,www.comfortel.com.sg,ORBIS,C,C
201727892M,starlearners.com.sg,ORBIS,B,B
201728114G,xyrix.com.sg,ORBIS,C,B
201728624M,www.wetlinghealth.com/wp,ORBIS,B,B
201734633G,www.ssagroup.com,ORBIS,B,B
201734633G,SSACONSULTING.COM.SG,SGNIC,B,B
201735016D,www.medident.com.sg,ORBIS,C,C
201735016D,HEALTHPERKS.COM.SG,SGNIC,C,C
201735016D,ORASYL.COM.SG,SGNIC,C,C
201735662K,cognitus.edu.sg,ORBIS,C,B
201735662K,COGNITUS.COM.SG,SGNIC,C,B
201802096E,p5studio.com.sg,ORBIS,C,B
201802840M,onestop-ca.com,ORBIS,C,B
201804018W,www.farmgrocer.sg,ORBIS,C,C
201804018W,nibbles.farmgrocer.sg/,GMAP,C,C
201807752N,www.globalfeeders.com,ORBIS,B,B
201807752N,GLOBALFEEDERS.SG,SGNIC,B,B
201808858K,www.appletreeplayhouse.com,ORBIS,C,B
201809729E,www.granzilla.com.sg,ORBIS,C,C
201809729E,SPORES.COM.SG,SGNIC,C,C
201812497M,www.abivin.com,ORBIS,C,B
201812497M,abivin.com/,GMAP,C,B
201813497H,www.ers.com.sg,ORBIS,B,B
201819385W,paperrice.com.sg,ORBIS,B,C
201820336R,tminsight.com,ORBIS,B,B
201820336R,insightasia.com/,GMAP,B,B
201821729K,www.toplineautoparts.sg,ORBIS,C,C
201824015C,lodestarmontessori.com,ORBIS,B,B
201825413N,nutritionkitchensg.com,ORBIS,C,C
201825684D,asia.dynabook.com,ORBIS,B,B
201826362H,www.radixberrie.com,ORBIS,B,C
201826362H,XC-TECH.COM.SG,SGNIC,B,C
201837712W,www.axgeecleaning.com,ORBIS,C,B
201839052Z,acdship.com,ORBIS,B,B
201904606N,www.group-ib.com,ORBIS,B,B
201904606N,GIB.SG,SGNIC,B,B
201904606N,G-IB.SG,SGNIC,B,B
201904606N,GROUPIB.SG,SGNIC,B,B
201904606N,GROUP-IB.SG,SGNIC,B,B
201909190M,www.goodbites.com.sg,ORBIS,C,C
201913285H,www.lifesystemschiropractic.com,ORBIS,B,B
201917755H,www.thetyremart.com,ORBIS,C,B
201920843M,bbcincorp.com,ORBIS,B,C
201920843M,GLEADS.SG,SGNIC,B,C
201925062M,www.aoservices.com.sg,ORBIS,B,B
201928979C,klaritysg.com,ORBIS,C,C
201932725E,www.walraven.com,ORBIS,B,B
201939530H,easycare.com.sg,ORBIS,C,C
201940586H,bwoffshore.com,ORBIS,B,B
202002118R,www.greensingapore.com,ORBIS,B,C
202008320H,www.shentonhouse.com,ORBIS,B,B
202008320H,www.instagram.com/shentonfoodhall/,GMAP,B,B
202010977D,www.thegardnerpreschool.com.sg,ORBIS,B,B
202012119E,www.dasl.com.sg,ORBIS,C,B
202020191E,www.stemly.ai,ORBIS,B,B
202020989R,www.maxcool.com.sg,ORBIS,B,C
202105766W,www.paljet.com.sg,ORBIS,B,B
202114296E,islandrecovery.com.sg,ORBIS,B,B
202114296E,TOWING.COM.SG,SGNIC,B,B
